TRX_ID,TRX_TS,PRODUCT_ID,PRODUCT_NAME,PRICE
85,5/31/2017 21:06,226,Tuna Fish Sandwich,36000
85,5/31/2017 21:06,227,Club Sandwich + Free Coffee,44000
85,5/31/2017 21:06,233,Rawon,36000
85,5/31/2017 21:06,234,Soto Madura,48000
85,5/31/2017 21:06,263,Cappucino,32000
85,5/31/2017 21:06,268,Macchiato,26000
85,5/31/2017 21:06,268,Macchiato,26000
85,5/31/2017 21:06,268,Macchiato,26000
86,06/02/2017 21.06,234,Soto Madura,48000
86,06/02/2017 21.06,234,Soto Madura,48000
86,06/02/2017 21.06,302,Fresh Orange Juice,34000
86,06/02/2017 21.06,306,Air Mineral,8000
87,06/03/2017 07.57,227,Club Sandwich + Free Coffee,44000
87,06/03/2017 07.57,234,Soto Madura,48000
88,06/03/2017 07.59,214,Toast Chocolate ,22000
88,06/03/2017 07.59,263,Cappucino,32000
89,06/03/2017 08.02,231,Nasi Goreng Jawa,33000
89,06/03/2017 08.02,235,Sate Ayam,36000
89,06/03/2017 08.02,236,Nasi Putih,7000
89,06/03/2017 08.02,306,Air Mineral,8000
89,06/03/2017 08.02,306,Air Mineral,8000
90,06/03/2017 08.05,263,Cappucino,32000
90,06/03/2017 08.05,266,Cafe Latte + Hazelnut,35000
91,06/03/2017 08.06,268,Macchiato,26000
92,06/03/2017 08.06,266,Cafe Latte + Hazelnut,35000
93,06/03/2017 08.09,228,Bakmi Godog Keju,30000
93,06/03/2017 08.09,290,Vanilla Milk Shake,35000
93,06/03/2017 08.09,296,Ice Cream Strawberry,32000
93,06/03/2017 08.09,296,Ice Cream Strawberry,32000
94,06/03/2017 08.11,232,Bakmi Goreng Seafood,36000
94,06/03/2017 08.11,233,Rawon,36000
94,06/03/2017 08.11,285,Ice Lychee Tea,26000
94,06/03/2017 08.11,286,A&W Root Beer & Vanila Float,26000
94,06/03/2017 08.11,293,Green Tea Milk Shake,39000
94,06/03/2017 08.11,293,Green Tea Milk Shake,39000
95,06/03/2017 08.12,230,Bihun Godog Rawit,30000
95,06/03/2017 08.12,238,Nasi Capcay Seafood Goreng,39000
95,06/03/2017 08.12,240,Beef Burger XL,38000
95,06/03/2017 08.12,286,A&W Root Beer & Vanila Float,26000
96,06/03/2017 08.14,239,Spaghetti Bolognese,38000
96,06/03/2017 08.14,247,Vegetable Omelette,30000
96,06/03/2017 08.14,293,Green Tea Milk Shake,39000
97,06/03/2017 08.16,233,Rawon,36000
97,06/03/2017 08.16,234,Soto Madura,48000
97,06/03/2017 08.16,236,Nasi Putih,7000
97,06/03/2017 08.16,236,Nasi Putih,7000
97,06/03/2017 08.16,302,Fresh Orange Juice,34000
97,06/03/2017 08.16,306,Air Mineral,8000
97,06/03/2017 08.16,306,Air Mineral,8000
97,06/03/2017 08.16,306,Air Mineral,8000
98,06/03/2017 08.20,290,Vanilla Milk Shake,35000
98,06/03/2017 08.20,292,Coconut Milk Shake,35000
99,06/03/2017 08.28,230,Bihun Godog Rawit,30000
99,06/03/2017 08.28,231,Nasi Goreng Jawa,33000
99,06/03/2017 08.28,232,Bakmi Goreng Seafood,36000
99,06/03/2017 08.28,233,Rawon,36000
99,06/03/2017 08.28,234,Soto Madura,48000
99,06/03/2017 08.28,288,Chocolate Milk Shake,35000
99,06/03/2017 08.28,290,Vanilla Milk Shake,35000
99,06/03/2017 08.28,292,Coconut Milk Shake,35000
99,06/03/2017 08.28,296,Ice Cream Strawberry,32000
99,06/03/2017 08.28,297,Ice Cream Vanila,32000
99,06/03/2017 08.28,298,Ice Cream Japanese Green Tea,29000
99,06/03/2017 08.28,300,Hot Barley Milk / Susu Gandum,24000
100,06/03/2017 11.34,227,Club Sandwich + Free Coffee,44000
100,06/03/2017 11.34,233,Rawon,36000
100,06/03/2017 11.34,264,Cafe Latte,32000
100,06/03/2017 11.34,264,Cafe Latte,32000
101,06/03/2017 11.35,263,Cappucino,32000
101,06/03/2017 11.35,267,Moccacino,29000
101,06/03/2017 11.35,269,Flat White,29000
102,06/03/2017 11.39,219,Roti Bakar Strawberry,22000
102,06/03/2017 11.39,222,Telur Kampung 1/2 Matang (2 butir),18000
102,06/03/2017 11.39,267,Moccacino,29000
102,06/03/2017 11.39,268,Macchiato,26000
104,06/05/2017 13.29,226,Tuna Fish Sandwich,36000
104,06/05/2017 13.29,233,Rawon,36000
104,06/05/2017 13.29,264,Cafe Latte,32000
104,06/05/2017 13.29,265,Cafe Latte + Caramel Hazelnut,35000
105,06/05/2017 13.30,290,Vanilla Milk Shake,35000
106,06/05/2017 13.32,228,Bakmi Godog Keju,30000
106,06/05/2017 13.32,228,Bakmi Godog Keju,30000
106,06/05/2017 13.32,263,Cappucino,32000
106,06/05/2017 13.32,267,Moccacino,29000
107,06/05/2017 13.35,241,Beef Burger XL + Fries,48000
107,06/05/2017 13.35,241,Beef Burger XL + Fries,48000
107,06/05/2017 13.35,258,Spring Roll /Lumpia Goreng,28000
107,06/05/2017 13.35,259,Garlic Bread & Salad,26000
107,06/05/2017 13.35,270,Affogato (Ice Vanilla & Espresso),28000
107,06/05/2017 13.35,296,Ice Cream Strawberry,32000
107,06/05/2017 13.35,298,Ice Cream Japanese Green Tea,29000
107,06/05/2017 13.35,305,Fanta Strawberry,18000
107,06/05/2017 13.35,306,Air Mineral,8000
108,06/05/2017 13.37,214,Toast Chocolate ,22000
108,06/05/2017 13.37,216,Toast Peanut (Kacang Gula Kelapa),23000
108,06/05/2017 13.37,218,Toast Special (peanut + choco + cheese),25000
108,06/05/2017 13.37,222,Telur Kampung 1/2 Matang (2 butir),18000
108,06/05/2017 13.37,223,Telur Rebus (2 butir),16000
108,06/05/2017 13.37,249,Cheese Balls,29000
108,06/05/2017 13.37,252,French Fries (300gr),29000
108,06/05/2017 13.37,253,Pannekoek,26000
108,06/05/2017 13.37,254,Pisang Goreng Kampoeng,27000
108,06/05/2017 13.37,257,Pisang Bakar Keju,25000
108,06/05/2017 13.37,283,Hot/Ice Lemon Tea,26000
108,06/05/2017 13.37,291,Oreo Milk Shake,36000
109,06/05/2017 13.48,270,Affogato (Ice Vanilla & Espresso),28000
109,06/05/2017 13.48,295,Ice Cream Chocolate,32000
109,06/05/2017 13.48,296,Ice Cream Strawberry,32000
109,06/05/2017 13.48,298,Ice Cream Japanese Green Tea,29000
109,06/05/2017 13.48,298,Ice Cream Japanese Green Tea,29000
110,06/05/2017 13.53,235,Sate Ayam,36000
110,06/05/2017 13.53,242,XL Burger w/ Fries + Free Lemonade,150000
110,06/05/2017 13.53,246,Cheese Mushroom Omelette,34000
110,06/05/2017 13.53,246,Cheese Mushroom Omelette,34000
111,06/05/2017 13.54,260,Espresso,18000
111,06/05/2017 13.54,267,Moccacino,29000
112,06/05/2017 14.09,232,Bakmi Goreng Seafood,36000
112,06/05/2017 14.09,237,Fuyunghai Kepiting,48000
114,06/05/2017 14.09,262,Americano,28000
114,06/05/2017 14.09,299,Fresh Milk  (Australian),24000
116,06/05/2017 14.10,234,Soto Madura,48000
116,06/05/2017 14.10,236,Nasi Putih,7000
116,06/05/2017 14.10,297,Ice Cream Vanila,32000
119,06/05/2017 14.13,218,Toast Special (peanut + choco + cheese),25000
119,06/05/2017 14.13,221,Toast Egg & Corned Beef,28000
119,06/05/2017 14.13,224,French Toast,28000
119,06/05/2017 14.13,240,Beef Burger XL,38000
119,06/05/2017 14.13,244,Black Burger w/ Fries,58000
119,06/05/2017 14.13,245,Big Breakfast + Free Coffee,58000
119,06/05/2017 14.13,267,Moccacino,29000
119,06/05/2017 14.13,275,Strawberry Ice & Esspresso,28000
119,06/05/2017 14.13,297,Ice Cream Vanila,32000
119,06/05/2017 14.13,302,Fresh Orange Juice,34000
119,06/05/2017 14.13,304,Coca-cola,18000
120,06/05/2017 14.13,273,Dark Chocolate (Hot/Ice),26000
121,06/05/2017 14.14,244,Black Burger w/ Fries,58000
121,06/05/2017 14.14,245,Big Breakfast + Free Coffee,58000
121,06/05/2017 14.14,245,Big Breakfast + Free Coffee,58000
122,06/05/2017 14.16,217,Toast Kaya (Srikaya),22000
122,06/05/2017 14.16,220,Toast Blueberry,22000
122,06/05/2017 14.16,256,Singkong Goreng Kampoeng,24000
122,06/05/2017 14.16,301,Hot Honey Ginger Milk,29000
122,06/05/2017 14.16,301,Hot Honey Ginger Milk,29000
122,06/05/2017 14.16,304,Coca-cola,18000
122,06/05/2017 14.16,306,Air Mineral,8000
123,06/05/2017 14.17,236,Nasi Putih,7000
123,06/05/2017 14.17,239,Spaghetti Bolognese,38000
123,06/05/2017 14.17,272,Hot Chocolate Melted,35000
124,06/05/2017 14.18,280,Thai Ice Tea,29000
124,06/05/2017 14.18,282,English Breakfast (Tea Pot),29000
124,06/05/2017 14.18,305,Fanta Strawberry,18000
125,06/05/2017 14.19,234,Soto Madura,48000
126,06/05/2017 14.21,232,Bakmi Goreng Seafood,36000
126,06/05/2017 14.21,233,Rawon,36000
126,06/05/2017 14.21,234,Soto Madura,48000
126,06/05/2017 14.21,260,Espresso,18000
126,06/05/2017 14.21,265,Cafe Latte + Caramel Hazelnut,35000
126,06/05/2017 14.21,268,Macchiato,26000
126,06/05/2017 14.21,295,Ice Cream Chocolate,32000
126,06/05/2017 14.21,296,Ice Cream Strawberry,32000
127,06/05/2017 14.22,223,Telur Rebus (2 butir),16000
127,06/05/2017 14.22,260,Espresso,18000
127,06/05/2017 14.22,260,Espresso,18000
129,06/05/2017 14.32,275,Strawberry Ice & Esspresso,28000
129,06/05/2017 14.32,295,Ice Cream Chocolate,32000
129,06/05/2017 14.32,296,Ice Cream Strawberry,32000
129,06/05/2017 14.32,297,Ice Cream Vanila,32000
130,06/05/2017 14.32,299,Fresh Milk  (Australian),24000
131,06/05/2017 14.33,297,Ice Cream Vanila,32000
132,06/05/2017 14.33,216,Toast Peanut (Kacang Gula Kelapa),23000
132,06/05/2017 14.33,218,Toast Special (peanut + choco + cheese),25000
132,06/05/2017 14.33,220,Toast Blueberry,22000
132,06/05/2017 14.33,224,French Toast,28000
132,06/05/2017 14.33,250,Bitterballen,29000
132,06/05/2017 14.33,252,French Fries (300gr),29000
132,06/05/2017 14.33,254,Pisang Goreng Kampoeng,27000
132,06/05/2017 14.33,258,Spring Roll /Lumpia Goreng,28000
133,06/05/2017 14.52,239,Spaghetti Bolognese,38000
133,06/05/2017 14.52,239,Spaghetti Bolognese,38000
134,06/05/2017 16.07,235,Sate Ayam,36000
134,06/05/2017 16.07,243,Small Beef Burger,36000
134,06/05/2017 16.07,270,Affogato (Ice Vanilla & Espresso),28000
134,06/05/2017 16.07,298,Ice Cream Japanese Green Tea,29000
135,06/05/2017 16.08,265,Cafe Latte + Caramel Hazelnut,35000
135,06/05/2017 16.08,287,Fanta Vanilla Float,25000
136,06/05/2017 16.08,247,Vegetable Omelette,30000
136,06/05/2017 16.08,247,Vegetable Omelette,30000
136,06/05/2017 16.08,247,Vegetable Omelette,30000
136,06/05/2017 16.08,247,Vegetable Omelette,30000
137,06/05/2017 16.10,232,Bakmi Goreng Seafood,36000
137,06/05/2017 16.10,234,Soto Madura,48000
137,06/05/2017 16.10,294,Australian Milo (Hot/Ice),30000
137,06/05/2017 16.10,303,A & W Root Beer,18000
137,06/05/2017 16.10,303,A & W Root Beer,18000
138,06/05/2017 16.11,229,Bakmi Goreng Jawa,34000
138,06/05/2017 16.11,229,Bakmi Goreng Jawa,34000
138,06/05/2017 16.11,240,Beef Burger XL,38000
138,06/05/2017 16.11,240,Beef Burger XL,38000
138,06/05/2017 16.11,246,Cheese Mushroom Omelette,34000
138,06/05/2017 16.11,246,Cheese Mushroom Omelette,34000
139,06/05/2017 16.40,230,Bihun Godog Rawit,30000
140,06/05/2017 16.44,229,Bakmi Goreng Jawa,34000
140,06/05/2017 16.44,233,Rawon,36000
140,06/05/2017 16.44,237,Fuyunghai Kepiting,48000
140,06/05/2017 16.44,267,Moccacino,29000
140,06/05/2017 16.44,272,Hot Chocolate Melted,35000
141,06/05/2017 16.48,229,Bakmi Goreng Jawa,34000
141,06/05/2017 16.48,234,Soto Madura,48000
142,06/05/2017 16.50,226,Tuna Fish Sandwich,36000
143,06/05/2017 16.51,296,Ice Cream Strawberry,32000
144,06/05/2017 16.51,219,Roti Bakar Strawberry,22000
144,06/05/2017 16.51,264,Cafe Latte,32000
144,06/05/2017 16.51,264,Cafe Latte,32000
144,06/05/2017 16.51,272,Hot Chocolate Melted,35000
144,06/05/2017 16.51,272,Hot Chocolate Melted,35000
145,06/06/2017 15.20,237,Fuyunghai Kepiting,48000
146,06/06/2017 15.21,229,Bakmi Goreng Jawa,34000
146,06/06/2017 15.21,262,Americano,28000
146,06/06/2017 15.21,265,Cafe Latte + Caramel Hazelnut,35000
146,06/06/2017 15.21,271,Ice Coffee Float (Blend),36000
147,06/06/2017 15.46,229,Bakmi Goreng Jawa,34000
147,06/06/2017 15.46,229,Bakmi Goreng Jawa,34000
147,06/06/2017 15.46,230,Bihun Godog Rawit,30000
147,06/06/2017 15.46,230,Bihun Godog Rawit,30000
149,06/06/2017 15.49,230,Bihun Godog Rawit,30000
149,06/06/2017 15.49,230,Bihun Godog Rawit,30000
149,06/06/2017 15.49,231,Nasi Goreng Jawa,33000
149,06/06/2017 15.49,231,Nasi Goreng Jawa,33000
151,06/06/2017 15.56,217,Toast Kaya (Srikaya),22000
151,06/06/2017 15.56,217,Toast Kaya (Srikaya),22000
151,06/06/2017 15.56,219,Roti Bakar Strawberry,22000
151,06/06/2017 15.56,219,Roti Bakar Strawberry,22000
152,06/06/2017 15.59,229,Bakmi Goreng Jawa,34000
153,06/06/2017 16.18,231,Nasi Goreng Jawa,33000
153,06/06/2017 16.18,234,Soto Madura,48000
153,06/06/2017 16.18,234,Soto Madura,48000
154,06/06/2017 16.21,234,Soto Madura,48000
154,06/06/2017 16.21,234,Soto Madura,48000
154,06/06/2017 16.21,237,Fuyunghai Kepiting,48000
154,06/06/2017 16.21,237,Fuyunghai Kepiting,48000
154,06/06/2017 16.21,239,Spaghetti Bolognese,38000
154,06/06/2017 16.21,239,Spaghetti Bolognese,38000
155,06/06/2017 16.48,226,Tuna Fish Sandwich,36000
155,06/06/2017 16.48,235,Sate Ayam,36000
155,06/06/2017 16.48,235,Sate Ayam,36000
156,06/06/2017 16.50,226,Tuna Fish Sandwich,36000
156,06/06/2017 16.50,226,Tuna Fish Sandwich,36000
156,06/06/2017 16.50,235,Sate Ayam,36000
156,06/06/2017 16.50,235,Sate Ayam,36000
157,06/06/2017 16.55,237,Fuyunghai Kepiting,48000
158,06/06/2017 16.58,226,Tuna Fish Sandwich,36000
158,06/06/2017 16.58,226,Tuna Fish Sandwich,36000
158,06/06/2017 16.58,229,Bakmi Goreng Jawa,34000
158,06/06/2017 16.58,229,Bakmi Goreng Jawa,34000
159,06/06/2017 17.06,234,Soto Madura,48000
159,06/06/2017 17.06,234,Soto Madura,48000
159,06/06/2017 17.06,236,Nasi Putih,7000
159,06/06/2017 17.06,236,Nasi Putih,7000
159,06/06/2017 17.06,237,Fuyunghai Kepiting,48000
159,06/06/2017 17.06,237,Fuyunghai Kepiting,48000
161,06/06/2017 17.09,226,Tuna Fish Sandwich,36000
161,06/06/2017 17.09,226,Tuna Fish Sandwich,36000
161,06/06/2017 17.09,229,Bakmi Goreng Jawa,34000
161,06/06/2017 17.09,229,Bakmi Goreng Jawa,34000
161,06/06/2017 17.09,231,Nasi Goreng Jawa,33000
161,06/06/2017 17.09,231,Nasi Goreng Jawa,33000
163,06/06/2017 17.10,232,Bakmi Goreng Seafood,36000
163,06/06/2017 17.10,232,Bakmi Goreng Seafood,36000
165,06/06/2017 17.13,263,Cappucino,32000
165,06/06/2017 17.13,268,Macchiato,26000
165,06/06/2017 17.13,272,Hot Chocolate Melted,35000
166,06/06/2017 17.13,268,Macchiato,26000
166,06/06/2017 17.13,276,Kopi Tubruk,18000
166,06/06/2017 17.13,278,Kopi Susu Kampoeng,24000
167,06/06/2017 17.13,299,Fresh Milk  (Australian),24000
167,06/06/2017 17.13,300,Hot Barley Milk / Susu Gandum,24000
167,06/06/2017 17.13,301,Hot Honey Ginger Milk,29000
167,06/06/2017 17.13,305,Fanta Strawberry,18000
168,06/06/2017 17.14,293,Green Tea Milk Shake,39000
168,06/06/2017 17.14,301,Hot Honey Ginger Milk,29000
168,06/06/2017 17.14,305,Fanta Strawberry,18000
168,06/06/2017 17.14,305,Fanta Strawberry,18000
169,06/06/2017 17.24,226,Tuna Fish Sandwich,36000
169,06/06/2017 17.24,229,Bakmi Goreng Jawa,34000
169,06/06/2017 17.24,234,Soto Madura,48000
170,06/06/2017 17.26,227,Club Sandwich + Free Coffee,44000
170,06/06/2017 17.26,228,Bakmi Godog Keju,30000
170,06/06/2017 17.26,236,Nasi Putih,7000
171,06/06/2017 17.26,263,Cappucino,32000
171,06/06/2017 17.26,268,Macchiato,26000
171,06/06/2017 17.26,272,Hot Chocolate Melted,35000
172,06/06/2017 17.33,266,Cafe Latte + Hazelnut,35000
172,06/06/2017 17.33,271,Ice Coffee Float (Blend),36000
172,06/06/2017 17.33,272,Hot Chocolate Melted,35000
173,06/06/2017 17.33,226,Tuna Fish Sandwich,36000
173,06/06/2017 17.33,231,Nasi Goreng Jawa,33000
173,06/06/2017 17.33,234,Soto Madura,48000
174,06/06/2017 17.34,228,Bakmi Godog Keju,30000
174,06/06/2017 17.34,229,Bakmi Goreng Jawa,34000
174,06/06/2017 17.34,237,Fuyunghai Kepiting,48000
175,06/06/2017 17.55,226,Tuna Fish Sandwich,36000
175,06/06/2017 17.55,234,Soto Madura,48000
175,06/06/2017 17.55,267,Moccacino,29000
175,06/06/2017 17.55,272,Hot Chocolate Melted,35000
176,06/06/2017 18.22,217,Toast Kaya (Srikaya),22000
176,06/06/2017 18.22,231,Nasi Goreng Jawa,33000
176,06/06/2017 18.22,250,Bitterballen,29000
176,06/06/2017 18.22,263,Cappucino,32000
177,06/06/2017 18.39,229,Bakmi Goreng Jawa,34000
177,06/06/2017 18.39,235,Sate Ayam,36000
177,06/06/2017 18.39,244,Black Burger w/ Fries,58000
177,06/06/2017 18.39,254,Pisang Goreng Kampoeng,27000
177,06/06/2017 18.39,257,Pisang Bakar Keju,25000
177,06/06/2017 18.39,258,Spring Roll /Lumpia Goreng,28000
178,06/06/2017 22.26,229,Bakmi Goreng Jawa,34000
178,06/06/2017 22.26,234,Soto Madura,48000
179,06/06/2017 22.32,230,Bihun Godog Rawit,30000
179,06/06/2017 22.32,235,Sate Ayam,36000
179,06/06/2017 22.32,237,Fuyunghai Kepiting,48000
180,06/06/2017 22.32,263,Cappucino,32000
180,06/06/2017 22.32,268,Macchiato,26000
181,06/06/2017 22.32,222,Telur Kampung 1/2 Matang (2 butir),18000
181,06/06/2017 22.32,225,French Toast w/ Ice Cream,30000
182,06/06/2017 22.36,231,Nasi Goreng Jawa,33000
182,06/06/2017 22.36,242,XL Burger w/ Fries + Free Lemonade,150000
183,06/06/2017 22.37,215,Toast Cheese,22000
183,06/06/2017 22.37,270,Affogato (Ice Vanilla & Espresso),28000
183,06/06/2017 22.37,296,Ice Cream Strawberry,32000
184,06/06/2017 22.38,217,Toast Kaya (Srikaya),22000
184,06/06/2017 22.38,222,Telur Kampung 1/2 Matang (2 butir),18000
184,06/06/2017 22.38,249,Cheese Balls,29000
185,06/06/2017 22.45,225,French Toast w/ Ice Cream,30000
186,06/06/2017 22.45,236,Nasi Putih,7000
186,06/06/2017 22.45,239,Spaghetti Bolognese,38000
187,06/06/2017 22.48,229,Bakmi Goreng Jawa,34000
187,06/06/2017 22.48,246,Cheese Mushroom Omelette,34000
188,06/06/2017 22.48,247,Vegetable Omelette,30000
189,06/06/2017 22.49,244,Black Burger w/ Fries,58000
189,06/06/2017 22.49,245,Big Breakfast + Free Coffee,58000
190,06/06/2017 22.51,235,Sate Ayam,36000
190,06/06/2017 22.51,239,Spaghetti Bolognese,38000
190,06/06/2017 22.51,239,Spaghetti Bolognese,38000
190,06/06/2017 22.51,240,Beef Burger XL,38000
191,06/06/2017 23.03,265,Cafe Latte + Caramel Hazelnut,35000
191,06/06/2017 23.03,272,Hot Chocolate Melted,35000
191,06/06/2017 23.03,282,English Breakfast (Tea Pot),29000
192,06/06/2017 23.03,269,Flat White,29000
192,06/06/2017 23.03,277,Kopi Tarik ,20000
192,06/06/2017 23.03,278,Kopi Susu Kampoeng,24000
193,06/06/2017 23.05,274,Ice Mocca Blend with Oreo,36000
193,06/06/2017 23.05,284,Ice Rose Tea (Es Teh Mawar),18000
193,06/06/2017 23.05,286,A&W Root Beer & Vanila Float,26000
194,06/06/2017 23.08,232,Bakmi Goreng Seafood,36000
194,06/06/2017 23.08,234,Soto Madura,48000
195,06/07/2017 11.30,226,Tuna Fish Sandwich,36000
195,06/07/2017 11.30,226,Tuna Fish Sandwich,36000
196,06/07/2017 11.32,233,Rawon,36000
196,06/07/2017 11.32,236,Nasi Putih,7000
197,06/07/2017 11.35,235,Sate Ayam,36000
197,06/07/2017 11.35,237,Fuyunghai Kepiting,48000
197,06/07/2017 11.35,239,Spaghetti Bolognese,38000
198,06/07/2017 11.36,266,Cafe Latte + Hazelnut,35000
198,06/07/2017 11.36,268,Macchiato,26000
199,06/07/2017 11.39,229,Bakmi Goreng Jawa,34000
199,06/07/2017 11.39,231,Nasi Goreng Jawa,33000
200,06/07/2017 11.39,267,Moccacino,29000
200,06/07/2017 11.39,269,Flat White,29000
200,06/07/2017 11.39,272,Hot Chocolate Melted,35000
201,06/07/2017 11.43,229,Bakmi Goreng Jawa,34000
201,06/07/2017 11.43,239,Spaghetti Bolognese,38000
202,06/07/2017 11.46,235,Sate Ayam,36000
202,06/07/2017 11.46,238,Nasi Capcay Seafood Goreng,39000
203,06/07/2017 11.47,245,Big Breakfast + Free Coffee,58000
204,06/07/2017 11.49,236,Nasi Putih,7000
204,06/07/2017 11.49,239,Spaghetti Bolognese,38000
205,06/07/2017 11.50,219,Roti Bakar Strawberry,22000
205,06/07/2017 11.50,221,Toast Egg & Corned Beef,28000
206,06/07/2017 11.50,224,French Toast,28000
206,06/07/2017 11.50,248,Vegetable Kroket,26000
207,06/07/2017 11.53,241,Beef Burger XL + Fries,48000
207,06/07/2017 11.53,244,Black Burger w/ Fries,58000
208,06/07/2017 11.53,265,Cafe Latte + Caramel Hazelnut,35000
208,06/07/2017 11.53,267,Moccacino,29000
209,06/07/2017 11.53,285,Ice Lychee Tea,26000
209,06/07/2017 11.53,286,A&W Root Beer & Vanila Float,26000
210,06/07/2017 11.53,302,Fresh Orange Juice,34000
210,06/07/2017 11.53,303,A & W Root Beer,18000
211,06/07/2017 11.53,294,Australian Milo (Hot/Ice),30000
211,06/07/2017 11.53,299,Fresh Milk  (Australian),24000
212,06/07/2017 11.54,303,A & W Root Beer,18000
212,06/07/2017 11.54,305,Fanta Strawberry,18000
213,06/07/2017 11.54,290,Vanilla Milk Shake,35000
213,06/07/2017 11.54,304,Coca-cola,18000
214,06/07/2017 11.55,290,Vanilla Milk Shake,35000
214,06/07/2017 11.55,303,A & W Root Beer,18000
216,06/07/2017 13.01,233,Rawon,36000
216,06/07/2017 13.01,234,Soto Madura,48000
217,06/07/2017 13.03,232,Bakmi Goreng Seafood,36000
217,06/07/2017 13.03,238,Nasi Capcay Seafood Goreng,39000
218,06/07/2017 13.04,243,Small Beef Burger,36000
218,06/07/2017 13.04,245,Big Breakfast + Free Coffee,58000
219,06/07/2017 13.05,247,Vegetable Omelette,30000
220,06/07/2017 13.05,238,Nasi Capcay Seafood Goreng,39000
220,06/07/2017 13.05,240,Beef Burger XL,38000
221,06/07/2017 13.06,263,Cappucino,32000
221,06/07/2017 13.06,268,Macchiato,26000
222,06/07/2017 13.08,233,Rawon,36000
222,06/07/2017 13.08,236,Nasi Putih,7000
223,06/07/2017 13.15,226,Tuna Fish Sandwich,36000
223,06/07/2017 13.15,235,Sate Ayam,36000
224,06/07/2017 13.17,232,Bakmi Goreng Seafood,36000
224,06/07/2017 13.17,237,Fuyunghai Kepiting,48000
225,06/07/2017 13.19,227,Club Sandwich + Free Coffee,44000
225,06/07/2017 13.19,234,Soto Madura,48000
226,06/07/2017 13.19,229,Bakmi Goreng Jawa,34000
226,06/07/2017 13.19,231,Nasi Goreng Jawa,33000
227,06/07/2017 13.33,231,Nasi Goreng Jawa,33000
227,06/07/2017 13.33,232,Bakmi Goreng Seafood,36000
228,06/07/2017 13.34,229,Bakmi Goreng Jawa,34000
228,06/07/2017 13.34,237,Fuyunghai Kepiting,48000
229,06/07/2017 13.39,226,Tuna Fish Sandwich,36000
229,06/07/2017 13.39,230,Bihun Godog Rawit,30000
230,06/07/2017 13.41,233,Rawon,36000
230,06/07/2017 13.41,236,Nasi Putih,7000
231,06/07/2017 13.41,227,Club Sandwich + Free Coffee,44000
231,06/07/2017 13.41,231,Nasi Goreng Jawa,33000
231,06/07/2017 13.41,233,Rawon,36000
232,06/07/2017 13.49,231,Nasi Goreng Jawa,33000
232,06/07/2017 13.49,232,Bakmi Goreng Seafood,36000
232,06/07/2017 13.49,235,Sate Ayam,36000
232,06/07/2017 13.49,235,Sate Ayam,36000
233,06/07/2017 14.51,226,Tuna Fish Sandwich,36000
234,06/08/2017 10.17,229,Bakmi Goreng Jawa,34000
234,06/08/2017 10.17,232,Bakmi Goreng Seafood,36000
234,06/08/2017 10.17,236,Nasi Putih,7000
235,06/08/2017 10.21,237,Fuyunghai Kepiting,48000
235,06/08/2017 10.21,239,Spaghetti Bolognese,38000
235,06/08/2017 10.21,240,Beef Burger XL,38000
236,06/08/2017 13.08,268,Macchiato,26000
236,06/08/2017 13.08,272,Hot Chocolate Melted,35000
236,06/08/2017 13.08,274,Ice Mocca Blend with Oreo,36000
236,06/08/2017 13.08,283,Hot/Ice Lemon Tea,26000
237,06/08/2017 14.32,235,Sate Ayam,36000
238,06/08/2017 18.17,231,Nasi Goreng Jawa,33000
238,06/08/2017 18.17,266,Cafe Latte + Hazelnut,35000
238,06/08/2017 18.17,266,Cafe Latte + Hazelnut,35000
238,06/08/2017 18.17,266,Cafe Latte + Hazelnut,35000
239,06/08/2017 18.26,240,Beef Burger XL,38000
239,06/08/2017 18.26,243,Small Beef Burger,36000
239,06/08/2017 18.26,246,Cheese Mushroom Omelette,34000
240,06/08/2017 18.58,234,Soto Madura,48000
241,06/11/2017 09.22,232,Bakmi Goreng Seafood,36000
241,06/11/2017 09.22,234,Soto Madura,48000
241,06/11/2017 09.22,264,Cafe Latte,32000
241,06/11/2017 09.22,305,Fanta Strawberry,18000
242,06/11/2017 09.21,228,Bakmi Godog Keju,30000
243,06/11/2017 10.00,264,Cafe Latte,32000
243,06/11/2017 10.00,267,Moccacino,29000
244,06/11/2017 09.58,290,Vanilla Milk Shake,35000
244,06/11/2017 09.58,303,A & W Root Beer,18000
245,06/11/2017 10.02,233,Rawon,36000
245,06/11/2017 10.02,240,Beef Burger XL,38000
245,06/11/2017 10.02,282,English Breakfast (Tea Pot),29000
245,06/11/2017 10.02,285,Ice Lychee Tea,26000
245,06/11/2017 10.02,286,A&W Root Beer & Vanila Float,26000
246,06/11/2017 10.03,232,Bakmi Goreng Seafood,36000
246,06/11/2017 10.03,247,Vegetable Omelette,30000
247,06/11/2017 11.28,266,Cafe Latte + Hazelnut,35000
247,06/11/2017 11.28,267,Moccacino,29000
247,06/11/2017 11.28,271,Ice Coffee Float (Blend),36000
247,06/11/2017 11.28,272,Hot Chocolate Melted,35000
248,06/11/2017 11.46,233,Rawon,36000
248,06/11/2017 11.46,234,Soto Madura,48000
249,06/11/2017 15.48,229,Bakmi Goreng Jawa,34000
249,06/11/2017 15.48,235,Sate Ayam,36000
249,06/11/2017 15.48,290,Vanilla Milk Shake,35000
249,06/11/2017 15.48,294,Australian Milo (Hot/Ice),30000
250,06/11/2017 17.50,293,Green Tea Milk Shake,39000
250,06/11/2017 17.50,299,Fresh Milk  (Australian),24000
250,06/11/2017 17.50,300,Hot Barley Milk / Susu Gandum,24000
251,06/11/2017 18.41,234,Soto Madura,48000
251,06/11/2017 18.41,243,Small Beef Burger,36000
252,06/11/2017 18.42,234,Soto Madura,48000
252,06/11/2017 18.42,243,Small Beef Burger,36000
253,06/11/2017 19.16,281,Es Teh,11000
254,06/11/2017 19.17,281,Es Teh,11000
255,06/11/2017 19.18,281,Es Teh,11000
256,06/11/2017 19.23,281,Es Teh,11000
257,06/12/2017 10.36,231,Nasi Goreng Jawa,33000
257,06/12/2017 10.36,236,Nasi Putih,7000
257,06/12/2017 10.36,293,Green Tea Milk Shake,39000
258,6/19/2017 12:52,264,Cafe Latte,32000
258,6/19/2017 12:52,264,Cafe Latte,32000
258,6/19/2017 12:52,269,Flat White,29000
258,6/19/2017 12:52,273,Dark Chocolate (Hot/Ice),26000
258,6/19/2017 12:52,273,Dark Chocolate (Hot/Ice),26000
258,6/19/2017 12:52,274,Ice Mocca Blend with Oreo,36000
258,6/19/2017 12:52,274,Ice Mocca Blend with Oreo,36000
258,6/19/2017 12:52,274,Ice Mocca Blend with Oreo,36000
258,6/19/2017 12:52,276,Kopi Tubruk,18000
258,6/19/2017 12:52,276,Kopi Tubruk,18000
259,6/19/2017 13:40,227,Club Sandwich + Free Coffee,44000
259,6/19/2017 13:40,243,Small Beef Burger,36000
259,6/19/2017 13:40,259,Garlic Bread & Salad,26000
259,6/19/2017 13:40,262,Americano,28000
259,6/19/2017 13:40,288,Chocolate Milk Shake,35000
259,6/19/2017 13:40,294,Australian Milo (Hot/Ice),30000
260,6/19/2017 13:45,243,Small Beef Burger,36000
260,6/19/2017 13:45,286,A&W Root Beer & Vanila Float,26000
261,6/19/2017 13:45,230,Bihun Godog Rawit,30000
261,6/19/2017 13:45,288,Chocolate Milk Shake,35000
262,6/19/2017 14:02,276,Kopi Tubruk,18000
262,6/19/2017 14:02,278,Kopi Susu Kampoeng,24000
262,6/19/2017 14:02,306,Air Mineral,8000
263,6/19/2017 14:07,236,Nasi Putih,7000
264,6/19/2017 14:11,237,Fuyunghai Kepiting,48000
265,6/19/2017 14:11,232,Bakmi Goreng Seafood,36000
266,6/19/2017 15:03,227,Club Sandwich + Free Coffee,44000
267,6/19/2017 17:25,266,Cafe Latte + Hazelnut,35000
267,6/19/2017 17:25,306,Air Mineral,8000
268,6/19/2017 17:27,264,Cafe Latte,32000
268,6/19/2017 17:27,306,Air Mineral,8000
269,6/19/2017 17:30,283,Hot/Ice Lemon Tea,26000
270,6/19/2017 23:02,253,Pannekoek,26000
270,6/19/2017 23:02,263,Cappucino,32000
270,6/19/2017 23:02,276,Kopi Tubruk,18000
270,6/19/2017 23:02,276,Kopi Tubruk,18000
270,6/19/2017 23:02,276,Kopi Tubruk,18000
270,6/19/2017 23:02,281,Es Teh,11000
270,6/19/2017 23:02,281,Es Teh,11000
271,6/20/2017 23:05,233,Rawon,36000
272,6/20/2017 23:05,233,Rawon,36000
273,6/20/2017 23:06,214,Toast Chocolate ,22000
273,6/20/2017 23:06,280,Thai Ice Tea,29000
274,6/20/2017 23:07,231,Nasi Goreng Jawa,33000
274,6/20/2017 23:07,238,Nasi Capcay Seafood Goreng,39000
274,6/20/2017 23:07,281,Es Teh,11000
274,6/20/2017 23:07,281,Es Teh,11000
275,6/20/2017 23:08,245,Big Breakfast + Free Coffee,58000
276,6/20/2017 23:08,230,Bihun Godog Rawit,30000
276,6/20/2017 23:08,281,Es Teh,11000
277,6/20/2017 23:09,232,Bakmi Goreng Seafood,36000
277,6/20/2017 23:09,232,Bakmi Goreng Seafood,36000
277,6/20/2017 23:09,281,Es Teh,11000
277,6/20/2017 23:09,306,Air Mineral,8000
278,6/20/2017 23:09,233,Rawon,36000
279,6/20/2017 23:17,228,Bakmi Godog Keju,30000
279,6/20/2017 23:17,229,Bakmi Goreng Jawa,34000
279,6/20/2017 23:17,229,Bakmi Goreng Jawa,34000
279,6/20/2017 23:17,230,Bihun Godog Rawit,30000
279,6/20/2017 23:17,231,Nasi Goreng Jawa,33000
279,6/20/2017 23:17,232,Bakmi Goreng Seafood,36000
279,6/20/2017 23:17,233,Rawon,36000
279,6/20/2017 23:17,233,Rawon,36000
279,6/20/2017 23:17,236,Nasi Putih,7000
279,6/20/2017 23:17,236,Nasi Putih,7000
279,6/20/2017 23:17,240,Beef Burger XL,38000
279,6/20/2017 23:17,251,Sosis &amp French Fries,39000
279,6/20/2017 23:17,251,Sosis &amp French Fries,39000
279,6/20/2017 23:17,251,Sosis &amp French Fries,39000
279,6/20/2017 23:17,262,Americano,28000
279,6/20/2017 23:17,281,Es Teh,11000
279,6/20/2017 23:17,281,Es Teh,11000
279,6/20/2017 23:17,281,Es Teh,11000
279,6/20/2017 23:17,281,Es Teh,11000
279,6/20/2017 23:17,281,Es Teh,11000
279,6/20/2017 23:17,281,Es Teh,11000
279,6/20/2017 23:17,281,Es Teh,11000
279,6/20/2017 23:17,283,Hot/Ice Lemon Tea,26000
279,6/20/2017 23:17,285,Ice Lychee Tea,26000
279,6/20/2017 23:17,288,Chocolate Milk Shake,35000
279,6/20/2017 23:17,306,Air Mineral,8000
279,6/20/2017 23:17,306,Air Mineral,8000
280,6/20/2017 23:17,304,Coca-cola,18000
281,6/20/2017 23:18,237,Fuyunghai Kepiting,48000
281,6/20/2017 23:18,246,Cheese Mushroom Omelette,34000
281,6/20/2017 23:18,264,Cafe Latte,32000
281,6/20/2017 23:18,281,Es Teh,11000
282,6/21/2017 7:32,240,Beef Burger XL,38000
282,6/21/2017 7:32,246,Cheese Mushroom Omelette,34000
282,6/21/2017 7:32,254,Pisang Goreng Kampoeng,27000
282,6/21/2017 7:32,262,Americano,28000
282,6/21/2017 7:32,264,Cafe Latte,32000
283,6/21/2017 18:37,233,Rawon,36000
283,6/21/2017 18:37,236,Nasi Putih,7000
283,6/21/2017 18:37,271,Ice Coffee Float (Blend),36000
283,6/21/2017 18:37,306,Air Mineral,8000
284,6/21/2017 18:38,217,Toast Kaya (Srikaya),22000
284,6/21/2017 18:38,263,Cappucino,32000
285,6/21/2017 18:39,232,Bakmi Goreng Seafood,36000
285,6/21/2017 18:39,273,Dark Chocolate (Hot/Ice),26000
285,6/21/2017 18:39,285,Ice Lychee Tea,26000
285,6/21/2017 18:39,306,Air Mineral,8000
286,6/21/2017 18:40,228,Bakmi Godog Keju,30000
286,6/21/2017 18:40,230,Bihun Godog Rawit,30000
286,6/21/2017 18:40,273,Dark Chocolate (Hot/Ice),26000
286,6/21/2017 18:40,281,Es Teh,11000
286,6/21/2017 18:40,306,Air Mineral,8000
287,6/21/2017 23:31,241,Beef Burger XL + Fries,48000
288,6/21/2017 23:32,225,French Toast w/ Ice Cream,30000
288,6/21/2017 23:32,252,French Fries (300gr),29000
288,6/21/2017 23:32,252,French Fries (300gr),29000
288,6/21/2017 23:32,281,Es Teh,11000
288,6/21/2017 23:32,281,Es Teh,11000
288,6/21/2017 23:32,286,A&W Root Beer & Vanila Float,26000
288,6/21/2017 23:32,306,Air Mineral,8000
289,6/21/2017 23:32,228,Bakmi Godog Keju,30000
289,6/21/2017 23:32,246,Cheese Mushroom Omelette,34000
289,6/21/2017 23:32,281,Es Teh,11000
289,6/21/2017 23:32,299,Fresh Milk  (Australian),24000
290,6/21/2017 23:33,278,Kopi Susu Kampoeng,24000
290,6/21/2017 23:33,281,Es Teh,11000
291,6/21/2017 23:33,218,Toast Special (peanut + choco + cheese),25000
291,6/21/2017 23:33,279,Vietnamese Coffee,26000
291,6/21/2017 23:33,301,Hot Honey Ginger Milk,29000
292,6/21/2017 23:36,232,Bakmi Goreng Seafood,36000
292,6/21/2017 23:36,234,Soto Madura,48000
292,6/21/2017 23:36,252,French Fries (300gr),29000
292,6/21/2017 23:36,271,Ice Coffee Float (Blend),36000
292,6/21/2017 23:36,277,Kopi Tarik ,20000
292,6/21/2017 23:36,281,Es Teh,11000
292,6/21/2017 23:36,306,Air Mineral,8000
292,6/21/2017 23:36,306,Air Mineral,8000
293,6/21/2017 23:37,279,Vietnamese Coffee,26000
294,6/22/2017 23:26,249,Cheese Balls,29000
294,6/22/2017 23:26,286,A&W Root Beer & Vanila Float,26000
294,6/22/2017 23:26,288,Chocolate Milk Shake,35000
295,6/22/2017 23:28,229,Bakmi Goreng Jawa,34000
295,6/22/2017 23:28,251,Sosis &amp French Fries,39000
295,6/22/2017 23:28,281,Es Teh,11000
295,6/22/2017 23:28,281,Es Teh,11000
295,6/22/2017 23:28,281,Es Teh,11000
295,6/22/2017 23:28,281,Es Teh,11000
296,6/22/2017 23:30,262,Americano,28000
297,6/22/2017 23:31,289,Strawberry Milk Shake,35000
297,6/22/2017 23:31,295,Ice Cream Chocolate,32000
298,6/22/2017 23:32,264,Cafe Latte,32000
298,6/22/2017 23:32,273,Dark Chocolate (Hot/Ice),26000
299,6/22/2017 23:33,238,Nasi Capcay Seafood Goreng,39000
299,6/22/2017 23:33,241,Beef Burger XL + Fries,48000
299,6/22/2017 23:33,280,Thai Ice Tea,29000
299,6/22/2017 23:33,281,Es Teh,11000
299,6/22/2017 23:33,299,Fresh Milk  (Australian),24000
299,6/22/2017 23:33,299,Fresh Milk  (Australian),24000
300,6/23/2017 21:56,260,Espresso,18000
301,6/23/2017 21:57,231,Nasi Goreng Jawa,33000
301,6/23/2017 21:57,280,Thai Ice Tea,29000
301,6/23/2017 21:57,306,Air Mineral,8000
302,6/23/2017 23:00,252,French Fries (300gr),29000
302,6/23/2017 23:00,256,Singkong Goreng Kampoeng,24000
302,6/23/2017 23:00,286,A&W Root Beer & Vanila Float,26000
303,6/23/2017 23:01,231,Nasi Goreng Jawa,33000
303,6/23/2017 23:01,238,Nasi Capcay Seafood Goreng,39000
303,6/23/2017 23:01,252,French Fries (300gr),29000
303,6/23/2017 23:01,277,Kopi Tarik ,20000
303,6/23/2017 23:01,281,Es Teh,11000
303,6/23/2017 23:01,281,Es Teh,11000
303,6/23/2017 23:01,281,Es Teh,11000
304,6/23/2017 23:02,234,Soto Madura,48000
304,6/23/2017 23:02,235,Sate Ayam,36000
304,6/23/2017 23:02,281,Es Teh,11000
304,6/23/2017 23:02,281,Es Teh,11000
304,6/23/2017 23:02,306,Air Mineral,8000
323,7/28/2017 14:30,227,Club Sandwich + Free Coffee,44000
323,7/28/2017 14:30,230,Bihun Godog Rawit,30000
323,7/28/2017 14:30,259,Garlic Bread & Salad,26000
324,7/28/2017 15:10,234,Soto Madura,48000
324,7/28/2017 15:10,236,Nasi Putih,7000
324,7/28/2017 15:10,243,Small Beef Burger,36000
324,7/28/2017 15:10,263,Cappucino,32000
324,7/28/2017 15:10,266,Cafe Latte + Hazelnut,35000
324,7/28/2017 15:10,296,Ice Cream Strawberry,32000
356,8/26/2017 10:09,237,Fuyunghai Kepiting,48000
356,8/26/2017 10:09,241,Beef Burger XL + Fries,48000
356,8/26/2017 10:09,253,Pannekoek,26000
357,8/28/2017 15:33,244,Black Burger w/ Fries,58000
357,8/28/2017 15:33,305,Fanta Strawberry,18000
359,09/05/2017 08.56,225,French Toast w/ Ice Cream,30000
359,09/05/2017 08.56,228,Bakmi Godog Keju,30000
359,09/05/2017 08.56,256,Singkong Goreng Kampoeng,24000
359,09/05/2017 08.56,264,Cafe Latte,32000
359,09/05/2017 08.56,266,Cafe Latte + Hazelnut,35000
362,09/06/2017 11.05,230,Bihun Godog Rawit,30000
362,09/06/2017 11.05,241,Beef Burger XL + Fries,48000
362,09/06/2017 11.05,243,Small Beef Burger,36000
362,09/06/2017 11.05,275,Strawberry Ice & Esspresso,28000
363,09/06/2017 11.11,244,Black Burger w/ Fries,58000
363,09/06/2017 11.11,246,Cheese Mushroom Omelette,34000
363,09/06/2017 11.11,296,Ice Cream Strawberry,32000
364,09/06/2017 13.37,228,Bakmi Godog Keju,30000
364,09/06/2017 13.37,228,Bakmi Godog Keju,30000
364,09/06/2017 13.37,228,Bakmi Godog Keju,30000
364,09/06/2017 13.37,228,Bakmi Godog Keju,30000
364,09/06/2017 13.37,232,Bakmi Goreng Seafood,36000
364,09/06/2017 13.37,233,Rawon,36000
364,09/06/2017 13.37,234,Soto Madura,48000
364,09/06/2017 13.37,246,Cheese Mushroom Omelette,34000
364,09/06/2017 13.37,253,Pannekoek,26000
364,09/06/2017 13.37,280,Thai Ice Tea,29000
364,09/06/2017 13.37,280,Thai Ice Tea,29000
364,09/06/2017 13.37,281,Es Teh,11000
364,09/06/2017 13.37,281,Es Teh,11000
364,09/06/2017 13.37,282,English Breakfast (Tea Pot),29000
364,09/06/2017 13.37,294,Australian Milo (Hot/Ice),30000
364,09/06/2017 13.37,306,Air Mineral,8000
365,09/06/2017 13.39,217,Toast Kaya (Srikaya),22000
365,09/06/2017 13.39,222,Telur Kampung 1/2 Matang (2 butir),18000
365,09/06/2017 13.39,281,Es Teh,11000
366,09/06/2017 16.07,215,Toast Cheese,22000
366,09/06/2017 16.07,229,Bakmi Goreng Jawa,34000
366,09/06/2017 16.07,231,Nasi Goreng Jawa,33000
366,09/06/2017 16.07,232,Bakmi Goreng Seafood,36000
366,09/06/2017 16.07,237,Fuyunghai Kepiting,48000
366,09/06/2017 16.07,262,Americano,28000
366,09/06/2017 16.07,281,Es Teh,11000
366,09/06/2017 16.07,289,Strawberry Milk Shake,35000
366,09/06/2017 16.07,306,Air Mineral,8000
367,09/06/2017 16.43,289,Strawberry Milk Shake,35000
368,09/06/2017 16.57,214,Toast Chocolate ,22000
368,09/06/2017 16.57,250,Bitterballen,29000
368,09/06/2017 16.57,256,Singkong Goreng Kampoeng,24000
368,09/06/2017 16.57,263,Cappucino,32000
368,09/06/2017 16.57,278,Kopi Susu Kampoeng,24000
369,09/06/2017 17.21,266,Cafe Latte + Hazelnut,35000
369,09/06/2017 17.21,273,Dark Chocolate (Hot/Ice),26000
369,09/06/2017 17.21,276,Kopi Tubruk,18000
369,09/06/2017 17.21,276,Kopi Tubruk,18000
369,09/06/2017 17.21,277,Kopi Tarik ,20000
369,09/06/2017 17.21,277,Kopi Tarik ,20000
369,09/06/2017 17.21,280,Thai Ice Tea,29000
369,09/06/2017 17.21,281,Es Teh,11000
369,09/06/2017 17.21,283,Hot/Ice Lemon Tea,26000
370,09/07/2017 11.00,224,French Toast,28000
370,09/07/2017 11.00,243,Small Beef Burger,36000
370,09/07/2017 11.00,245,Big Breakfast + Free Coffee,58000
370,09/07/2017 11.00,264,Cafe Latte,32000
371,09/07/2017 11.27,231,Nasi Goreng Jawa,33000
372,09/07/2017 13.50,228,Bakmi Godog Keju,30000
372,09/07/2017 13.50,283,Hot/Ice Lemon Tea,26000
373,09/07/2017 14.33,231,Nasi Goreng Jawa,33000
373,09/07/2017 14.33,231,Nasi Goreng Jawa,33000
373,09/07/2017 14.33,231,Nasi Goreng Jawa,33000
373,09/07/2017 14.33,231,Nasi Goreng Jawa,33000
373,09/07/2017 14.33,246,Cheese Mushroom Omelette,34000
373,09/07/2017 14.33,254,Pisang Goreng Kampoeng,27000
373,09/07/2017 14.33,280,Thai Ice Tea,29000
373,09/07/2017 14.33,280,Thai Ice Tea,29000
373,09/07/2017 14.33,281,Es Teh,11000
373,09/07/2017 14.33,281,Es Teh,11000
373,09/07/2017 14.33,288,Chocolate Milk Shake,35000
374,09/07/2017 14.33,231,Nasi Goreng Jawa,33000
375,09/07/2017 14.43,250,Bitterballen,29000
375,09/07/2017 14.43,281,Es Teh,11000
375,09/07/2017 14.43,281,Es Teh,11000
377,09/07/2017 21.35,256,Singkong Goreng Kampoeng,24000
377,09/07/2017 21.35,263,Cappucino,32000
377,09/07/2017 21.35,289,Strawberry Milk Shake,35000
378,09/07/2017 21.36,279,Vietnamese Coffee,26000
378,09/07/2017 21.36,299,Fresh Milk  (Australian),24000
379,09/07/2017 21.38,234,Soto Madura,48000
379,09/07/2017 21.38,246,Cheese Mushroom Omelette,34000
379,09/07/2017 21.38,266,Cafe Latte + Hazelnut,35000
379,09/07/2017 21.38,285,Ice Lychee Tea,26000
379,09/07/2017 21.38,294,Australian Milo (Hot/Ice),30000
380,09/08/2017 13.59,219,Roti Bakar Strawberry,22000
380,09/08/2017 13.59,229,Bakmi Goreng Jawa,34000
380,09/08/2017 13.59,233,Rawon,36000
380,09/08/2017 13.59,235,Sate Ayam,36000
380,09/08/2017 13.59,236,Nasi Putih,7000
380,09/08/2017 13.59,236,Nasi Putih,7000
380,09/08/2017 13.59,253,Pannekoek,26000
380,09/08/2017 13.59,273,Dark Chocolate (Hot/Ice),26000
380,09/08/2017 13.59,277,Kopi Tarik ,20000
380,09/08/2017 13.59,281,Es Teh,11000
380,09/08/2017 13.59,302,Fresh Orange Juice,34000
380,09/08/2017 13.59,302,Fresh Orange Juice,34000
381,09/08/2017 18.41,229,Bakmi Goreng Jawa,34000
381,09/08/2017 18.41,229,Bakmi Goreng Jawa,34000
381,09/08/2017 18.41,231,Nasi Goreng Jawa,33000
381,09/08/2017 18.41,241,Beef Burger XL + Fries,48000
381,09/08/2017 18.41,281,Es Teh,11000
381,09/08/2017 18.41,281,Es Teh,11000
381,09/08/2017 18.41,306,Air Mineral,8000
382,09/09/2017 13.30,231,Nasi Goreng Jawa,33000
382,09/09/2017 13.30,232,Bakmi Goreng Seafood,36000
382,09/09/2017 13.30,281,Es Teh,11000
382,09/09/2017 13.30,281,Es Teh,11000
382,09/09/2017 13.30,281,Es Teh,11000
383,09/09/2017 13.30,234,Soto Madura,48000
383,09/09/2017 13.30,285,Ice Lychee Tea,26000
384,09/09/2017 13.35,254,Pisang Goreng Kampoeng,27000
384,09/09/2017 13.35,277,Kopi Tarik ,20000
385,09/09/2017 13.43,229,Bakmi Goreng Jawa,34000
386,09/09/2017 18.28,235,Sate Ayam,36000
386,09/09/2017 18.28,261,Double Espresso,25000
386,09/09/2017 18.28,283,Hot/Ice Lemon Tea,26000
386,09/09/2017 18.28,287,Fanta Vanilla Float,25000
387,09/09/2017 19.03,229,Bakmi Goreng Jawa,34000
387,09/09/2017 19.03,254,Pisang Goreng Kampoeng,27000
387,09/09/2017 19.03,262,Americano,28000
387,09/09/2017 19.03,302,Fresh Orange Juice,34000
388,09/09/2017 21.34,255,Tape Goreng/Bakar Kampoeng,24000
388,09/09/2017 21.34,280,Thai Ice Tea,29000
388,09/09/2017 21.34,285,Ice Lychee Tea,26000
389,09/10/2017 18.04,237,Fuyunghai Kepiting,48000
389,09/10/2017 18.04,246,Cheese Mushroom Omelette,34000
389,09/10/2017 18.04,249,Cheese Balls,29000
389,09/10/2017 18.04,253,Pannekoek,26000
389,09/10/2017 18.04,254,Pisang Goreng Kampoeng,27000
389,09/10/2017 18.04,256,Singkong Goreng Kampoeng,24000
389,09/10/2017 18.04,280,Thai Ice Tea,29000
389,09/10/2017 18.04,281,Es Teh,11000
389,09/10/2017 18.04,285,Ice Lychee Tea,26000
389,09/10/2017 18.04,294,Australian Milo (Hot/Ice),30000
389,09/10/2017 18.04,306,Air Mineral,8000
389,09/10/2017 18.04,306,Air Mineral,8000
390,09/10/2017 18.07,232,Bakmi Goreng Seafood,36000
390,09/10/2017 18.07,247,Vegetable Omelette,30000
390,09/10/2017 18.07,252,French Fries (300gr),29000
390,09/10/2017 18.07,255,Tape Goreng/Bakar Kampoeng,24000
390,09/10/2017 18.07,297,Ice Cream Vanila,32000
390,09/10/2017 18.07,306,Air Mineral,8000
391,09/10/2017 18.08,228,Bakmi Godog Keju,30000
391,09/10/2017 18.08,231,Nasi Goreng Jawa,33000
391,09/10/2017 18.08,233,Rawon,36000
391,09/10/2017 18.08,236,Nasi Putih,7000
391,09/10/2017 18.08,273,Dark Chocolate (Hot/Ice),26000
392,09/10/2017 18.16,263,Cappucino,32000
393,09/10/2017 19.30,252,French Fries (300gr),29000
393,09/10/2017 19.30,255,Tape Goreng/Bakar Kampoeng,24000
393,09/10/2017 19.30,277,Kopi Tarik ,20000
393,09/10/2017 19.30,279,Vietnamese Coffee,26000
393,09/10/2017 19.30,288,Chocolate Milk Shake,35000
393,09/10/2017 19.30,306,Air Mineral,8000
393,09/10/2017 19.30,306,Air Mineral,8000
393,09/10/2017 19.30,306,Air Mineral,8000
395,09/12/2017 11.02,231,Nasi Goreng Jawa,33000
395,09/12/2017 11.02,231,Nasi Goreng Jawa,33000
395,09/12/2017 11.02,235,Sate Ayam,36000
395,09/12/2017 11.02,235,Sate Ayam,36000
395,09/12/2017 11.02,273,Dark Chocolate (Hot/Ice),26000
395,09/12/2017 11.02,281,Es Teh,11000
395,09/12/2017 11.02,283,Hot/Ice Lemon Tea,26000
395,09/12/2017 11.02,285,Ice Lychee Tea,26000
395,09/12/2017 11.02,285,Ice Lychee Tea,26000
396,09/12/2017 16.06,218,Toast Special (peanut + choco + cheese),25000
396,09/12/2017 16.06,228,Bakmi Godog Keju,30000
396,09/12/2017 16.06,228,Bakmi Godog Keju,30000
396,09/12/2017 16.06,228,Bakmi Godog Keju,30000
396,09/12/2017 16.06,228,Bakmi Godog Keju,30000
396,09/12/2017 16.06,229,Bakmi Goreng Jawa,34000
396,09/12/2017 16.06,229,Bakmi Goreng Jawa,34000
396,09/12/2017 16.06,229,Bakmi Goreng Jawa,34000
396,09/12/2017 16.06,229,Bakmi Goreng Jawa,34000
396,09/12/2017 16.06,231,Nasi Goreng Jawa,33000
396,09/12/2017 16.06,231,Nasi Goreng Jawa,33000
396,09/12/2017 16.06,231,Nasi Goreng Jawa,33000
396,09/12/2017 16.06,232,Bakmi Goreng Seafood,36000
396,09/12/2017 16.06,235,Sate Ayam,36000
396,09/12/2017 16.06,235,Sate Ayam,36000
396,09/12/2017 16.06,235,Sate Ayam,36000
396,09/12/2017 16.06,252,French Fries (300gr),29000
396,09/12/2017 16.06,257,Pisang Bakar Keju,25000
396,09/12/2017 16.06,257,Pisang Bakar Keju,25000
396,09/12/2017 16.06,257,Pisang Bakar Keju,25000
396,09/12/2017 16.06,262,Americano,28000
396,09/12/2017 16.06,264,Cafe Latte,32000
396,09/12/2017 16.06,269,Flat White,29000
396,09/12/2017 16.06,273,Dark Chocolate (Hot/Ice),26000
396,09/12/2017 16.06,276,Kopi Tubruk,18000
396,09/12/2017 16.06,281,Es Teh,11000
396,09/12/2017 16.06,281,Es Teh,11000
396,09/12/2017 16.06,281,Es Teh,11000
396,09/12/2017 16.06,283,Hot/Ice Lemon Tea,26000
396,09/12/2017 16.06,285,Ice Lychee Tea,26000
396,09/12/2017 16.06,285,Ice Lychee Tea,26000
396,09/12/2017 16.06,285,Ice Lychee Tea,26000
396,09/12/2017 16.06,290,Vanilla Milk Shake,35000
396,09/12/2017 16.06,302,Fresh Orange Juice,34000
396,09/12/2017 16.06,302,Fresh Orange Juice,34000
396,09/12/2017 16.06,306,Air Mineral,8000
396,09/12/2017 16.06,306,Air Mineral,8000
396,09/12/2017 16.06,306,Air Mineral,8000
396,09/12/2017 16.06,306,Air Mineral,8000
397,9/14/2017 10:51,250,Bitterballen,29000
398,9/14/2017 13:11,217,Toast Kaya (Srikaya),22000
398,9/14/2017 13:11,229,Bakmi Goreng Jawa,34000
398,9/14/2017 13:11,232,Bakmi Goreng Seafood,36000
398,9/14/2017 13:11,233,Rawon,36000
398,9/14/2017 13:11,233,Rawon,36000
398,9/14/2017 13:11,236,Nasi Putih,7000
398,9/14/2017 13:11,236,Nasi Putih,7000
398,9/14/2017 13:11,280,Thai Ice Tea,29000
398,9/14/2017 13:11,281,Es Teh,11000
398,9/14/2017 13:11,281,Es Teh,11000
398,9/14/2017 13:11,281,Es Teh,11000
398,9/14/2017 13:11,291,Oreo Milk Shake,36000
399,9/14/2017 20:06,250,Bitterballen,29000
400,9/15/2017 15:27,215,Toast Cheese,22000
400,9/15/2017 15:27,229,Bakmi Goreng Jawa,34000
400,9/15/2017 15:27,231,Nasi Goreng Jawa,33000
400,9/15/2017 15:27,232,Bakmi Goreng Seafood,36000
400,9/15/2017 15:27,241,Beef Burger XL + Fries,48000
400,9/15/2017 15:27,257,Pisang Bakar Keju,25000
401,9/16/2017 7:55,306,Air Mineral,8000
402,9/16/2017 11:23,228,Bakmi Godog Keju,30000
402,9/16/2017 11:23,278,Kopi Susu Kampoeng,24000
403,9/16/2017 12:20,233,Rawon,36000
403,9/16/2017 12:20,236,Nasi Putih,7000
403,9/16/2017 12:20,252,French Fries (300gr),29000
403,9/16/2017 12:20,281,Es Teh,11000
403,9/16/2017 12:20,287,Fanta Vanilla Float,25000
403,9/16/2017 12:20,302,Fresh Orange Juice,34000
403,9/16/2017 12:20,302,Fresh Orange Juice,34000
403,9/16/2017 12:20,306,Air Mineral,8000
404,9/16/2017 12:23,306,Air Mineral,8000
405,9/16/2017 12:31,234,Soto Madura,48000
405,9/16/2017 12:31,250,Bitterballen,29000
405,9/16/2017 12:31,306,Air Mineral,8000
406,9/16/2017 12:42,231,Nasi Goreng Jawa,33000
406,9/16/2017 12:42,254,Pisang Goreng Kampoeng,27000
406,9/16/2017 12:42,281,Es Teh,11000
406,9/16/2017 12:42,281,Es Teh,11000
406,9/16/2017 12:42,306,Air Mineral,8000
407,9/16/2017 13:07,231,Nasi Goreng Jawa,33000
408,9/16/2017 13:25,254,Pisang Goreng Kampoeng,27000
408,9/16/2017 13:25,254,Pisang Goreng Kampoeng,27000
409,9/16/2017 13:59,276,Kopi Tubruk,18000
409,9/16/2017 13:59,281,Es Teh,11000
409,9/16/2017 13:59,281,Es Teh,11000
410,9/16/2017 17:08,231,Nasi Goreng Jawa,33000
411,9/16/2017 21:35,224,French Toast,28000
411,9/16/2017 21:35,228,Bakmi Godog Keju,30000
411,9/16/2017 21:35,228,Bakmi Godog Keju,30000
411,9/16/2017 21:35,228,Bakmi Godog Keju,30000
411,9/16/2017 21:35,228,Bakmi Godog Keju,30000
411,9/16/2017 21:35,231,Nasi Goreng Jawa,33000
411,9/16/2017 21:35,231,Nasi Goreng Jawa,33000
411,9/16/2017 21:35,232,Bakmi Goreng Seafood,36000
411,9/16/2017 21:35,233,Rawon,36000
411,9/16/2017 21:35,233,Rawon,36000
411,9/16/2017 21:35,233,Rawon,36000
411,9/16/2017 21:35,235,Sate Ayam,36000
411,9/16/2017 21:35,236,Nasi Putih,7000
411,9/16/2017 21:35,236,Nasi Putih,7000
411,9/16/2017 21:35,237,Fuyunghai Kepiting,48000
411,9/16/2017 21:35,241,Beef Burger XL + Fries,48000
411,9/16/2017 21:35,243,Small Beef Burger,36000
411,9/16/2017 21:35,250,Bitterballen,29000
411,9/16/2017 21:35,252,French Fries (300gr),29000
411,9/16/2017 21:35,252,French Fries (300gr),29000
411,9/16/2017 21:35,253,Pannekoek,26000
411,9/16/2017 21:35,254,Pisang Goreng Kampoeng,27000
411,9/16/2017 21:35,258,Spring Roll /Lumpia Goreng,28000
411,9/16/2017 21:35,265,Cafe Latte + Caramel Hazelnut,35000
411,9/16/2017 21:35,270,Affogato (Ice Vanilla & Espresso),28000
411,9/16/2017 21:35,270,Affogato (Ice Vanilla & Espresso),28000
411,9/16/2017 21:35,276,Kopi Tubruk,18000
411,9/16/2017 21:35,281,Es Teh,11000
411,9/16/2017 21:35,281,Es Teh,11000
411,9/16/2017 21:35,281,Es Teh,11000
411,9/16/2017 21:35,281,Es Teh,11000
411,9/16/2017 21:35,281,Es Teh,11000
411,9/16/2017 21:35,281,Es Teh,11000
411,9/16/2017 21:35,281,Es Teh,11000
411,9/16/2017 21:35,281,Es Teh,11000
411,9/16/2017 21:35,281,Es Teh,11000
411,9/16/2017 21:35,281,Es Teh,11000
411,9/16/2017 21:35,282,English Breakfast (Tea Pot),29000
411,9/16/2017 21:35,284,Ice Rose Tea (Es Teh Mawar),18000
411,9/16/2017 21:35,291,Oreo Milk Shake,36000
411,9/16/2017 21:35,291,Oreo Milk Shake,36000
411,9/16/2017 21:35,294,Australian Milo (Hot/Ice),30000
411,9/16/2017 21:35,299,Fresh Milk  (Australian),24000
411,9/16/2017 21:35,306,Air Mineral,8000
411,9/16/2017 21:35,306,Air Mineral,8000
411,9/16/2017 21:35,306,Air Mineral,8000
411,9/16/2017 21:35,306,Air Mineral,8000
412,9/17/2017 22:10,216,Toast Peanut (Kacang Gula Kelapa),23000
412,9/17/2017 22:10,217,Toast Kaya (Srikaya),22000
412,9/17/2017 22:10,224,French Toast,28000
412,9/17/2017 22:10,228,Bakmi Godog Keju,30000
412,9/17/2017 22:10,229,Bakmi Goreng Jawa,34000
412,9/17/2017 22:10,237,Fuyunghai Kepiting,48000
412,9/17/2017 22:10,241,Beef Burger XL + Fries,48000
412,9/17/2017 22:10,246,Cheese Mushroom Omelette,34000
412,9/17/2017 22:10,252,French Fries (300gr),29000
412,9/17/2017 22:10,256,Singkong Goreng Kampoeng,24000
412,9/17/2017 22:10,260,Espresso,18000
412,9/17/2017 22:10,263,Cappucino,32000
412,9/17/2017 22:10,263,Cappucino,32000
412,9/17/2017 22:10,264,Cafe Latte,32000
412,9/17/2017 22:10,264,Cafe Latte,32000
412,9/17/2017 22:10,264,Cafe Latte,32000
412,9/17/2017 22:10,273,Dark Chocolate (Hot/Ice),26000
412,9/17/2017 22:10,280,Thai Ice Tea,29000
412,9/17/2017 22:10,280,Thai Ice Tea,29000
412,9/17/2017 22:10,281,Es Teh,11000
412,9/17/2017 22:10,281,Es Teh,11000
412,9/17/2017 22:10,281,Es Teh,11000
412,9/17/2017 22:10,281,Es Teh,11000
412,9/17/2017 22:10,286,A&W Root Beer & Vanila Float,26000
412,9/17/2017 22:10,294,Australian Milo (Hot/Ice),30000
412,9/17/2017 22:10,306,Air Mineral,8000
